full_name,primary_affiliation,orcid,instructor_role,contributor_role,helper_role,start_date,end_date
Luke William Johnston,Steno Diabetes Center Aarhus,0000-0003-4169-2616,TRUE,TRUE,FALSE,2020-09-08,
Omar Silverman-Retana,Steno Diabetes Center Aarhus,0000-0002-2744-9698,TRUE,TRUE,FALSE,2020-09-08,2020-09-09
Andreas Eiset,Aarhus University,0000-0002-5487-8359,TRUE,TRUE,FALSE,2020-09-08,2020-09-09
Signe Storgaard,Aarhus University,0000-0003-0014-8868,TRUE,TRUE,FALSE,2020-09-08,2020-09-09
Stine Scheuer,Steno Diabetes Center Copenhagen,0000-0002-1244-9871,TRUE,TRUE,FALSE,2021-06-28,
Malene Revsbech Christiansen,Novo Nordisk Foundation Center for Basic Metabolic Research,0000-0002-9772-3576,TRUE,TRUE,FALSE,2021-06-28,
Anders Aasted Isaksen,Aarhus University,0000-0001-8457-5466,TRUE,TRUE,FALSE,2021-06-28,
Mario Garcia Ure√±a,Novo Nordisk Foundation Center for Basic Metabolic Research,0000-0002-3376-9460 ,TRUE,FALSE,FALSE,2021-10-11,
Anders Askeland,Aalborg University Hospital,0000-0002-2996-129X ,TRUE,TRUE,FALSE,2021-10-11,
